EnsembleTransiveSelf(FCN),MiddlePhalanxOutlineAgeGroup,trainining_time,294.4820227622986,avg_cpu_usage,20.35306122448979,avg_memory_usage,,40.14693877551019,avg_gpu_usage,,37.761565836298935,accuracy,,0.5909090909090909,f1_score,,0.5318004781697236
EnsembleTransiveSelf(FCN),CricketX,trainining_time,466.79343152046204,avg_cpu_usage,18.97167381974249,avg_memory_usage,,40.074678111588,avg_gpu_usage,,77.21396396396396,accuracy,,0.7948717948717948,f1_score,,0.7912470869836958
EnsembleTransiveSelf(FCN),FiftyWords,trainining_time,489.6793553829193,avg_cpu_usage,23.88237704918032,avg_memory_usage,,39.23893442622955,avg_gpu_usage,,78.89079229122056,accuracy,,0.7054945054945055,f1_score,,0.6921917061257039
EnsembleTransiveSelf(FCN),FaceFour,trainining_time,278.4598619937897,avg_cpu_usage,26.155395683453243,avg_memory_usage,,38.84604316546766,avg_gpu_usage,,32.928301886792454,accuracy,,0.8181818181818182,f1_score,,0.8129837678563315
EnsembleTransiveSelf(FCN),Wine,trainining_time,310.6267535686493,avg_cpu_usage,27.913548387096753,avg_memory_usage,,39.14193548387091,avg_gpu_usage,,33.604729729729726,accuracy,,0.5740740740740741,f1_score,,0.5384615384615385
EnsembleTransiveSelf(FCN),StarLightCurves,trainining_time,7978.468325138092,avg_cpu_usage,20.87398945518455,avg_memory_usage,,39.63863921667241,avg_gpu_usage,,89.26962008676219,accuracy,,0.9737736765420106,f1_score,,0.9733526651045143
EnsembleTransiveSelf(FCN),ChlorineConcentration,trainining_time,731.1851170063019,avg_cpu_usage,21.016164383561645,avg_memory_usage,,38.892876712328494,avg_gpu_usage,,76.74461979913917,accuracy,,0.8221354166666667,f1_score,,0.818199668962945
EnsembleTransiveSelf(FCN),CBF,trainining_time,290.48358058929443,avg_cpu_usage,17.319310344827585,avg_memory_usage,,38.9027586206896,avg_gpu_usage,,35.28623188405797,accuracy,,0.99,f1_score,,0.989998923572076
EnsembleTransiveSelf(FCN),TwoLeadECG,trainining_time,356.5788459777832,avg_cpu_usage,19.997752808988757,avg_memory_usage,,38.90617977528079,avg_gpu_usage,,28.78529411764706,accuracy,,0.8735733099209834,f1_score,,0.873555571323198
EnsembleTransiveSelf(FCN),ECGFiveDays,trainining_time,366.59840393066406,avg_cpu_usage,21.363387978142075,avg_memory_usage,,38.90327868852448,avg_gpu_usage,,31.439655172413794,accuracy,,0.867595818815331,f1_score,,0.867596890462744
EnsembleTransiveSelf(FCN),ToeSegmentation2,trainining_time,256.3979196548462,avg_cpu_usage,17.564062500000006,avg_memory_usage,,38.906249999999986,avg_gpu_usage,,32.06147540983606,accuracy,,0.9384615384615385,f1_score,,0.9362341362341362
EnsembleTransiveSelf(FCN),ElectricDevices,trainining_time,2720.5574791431427,avg_cpu_usage,19.786229749631808,avg_memory_usage,,38.88652430044207,avg_gpu_usage,,90.56939090208172,accuracy,,0.7548956036830502,f1_score,,0.7342581854401049
EnsembleTransiveSelf(FCN),Trace,trainining_time,12.018253803253174,avg_cpu_usage,21.283333333333328,avg_memory_usage,,38.75,avg_gpu_usage,,44.18181818181818,accuracy,,1.0,f1_score,,1.0
EnsembleTransiveSelf(FCN),Haptics,trainining_time,646.0006728172302,avg_cpu_usage,19.627950310558994,avg_memory_usage,,38.725776397515595,avg_gpu_usage,,85.1103896103896,accuracy,,0.474025974025974,f1_score,,0.46436771749397276
EnsembleTransiveSelf(FCN),Symbols,trainining_time,486.7766191959381,avg_cpu_usage,19.786831275720154,avg_memory_usage,,38.775720164609176,avg_gpu_usage,,56.57235421166307,accuracy,,0.9487437185929648,f1_score,,0.9487026454400298
EnsembleTransiveSelf(FCN),Lightning2,trainining_time,272.461062669754,avg_cpu_usage,17.587500000000006,avg_memory_usage,,38.804411764705975,avg_gpu_usage,,46.4015444015444,accuracy,,0.7868852459016393,f1_score,,0.7839424848674174
EnsembleTransiveSelf(FCN),LargeKitchenAppliances,trainining_time,795.2028884887695,avg_cpu_usage,20.75062972292191,avg_memory_usage,,38.78463476070527,avg_gpu_usage,,88.36015831134564,accuracy,,0.9013333333333333,f1_score,,0.9003172792230609
EnsembleTransiveSelf(FCN),ShapeletSim,trainining_time,12.019478559494019,avg_cpu_usage,16.166666666666664,avg_memory_usage,,38.81666666666666,avg_gpu_usage,,35.0,accuracy,,1.0,f1_score,,1.0
EnsembleTransiveSelf(FCN),Mallat,trainining_time,1774.729727268219,avg_cpu_usage,19.50688487584649,avg_memory_usage,,38.8757336343117,avg_gpu_usage,,90.06205673758865,accuracy,,0.8494669509594883,f1_score,,0.8492394312383604
EnsembleTransiveSelf(FCN),OliveOil,trainining_time,254.81827998161316,avg_cpu_usage,26.913385826771655,avg_memory_usage,,40.574803149606275,avg_gpu_usage,,34.016460905349795,accuracy,,0.8666666666666667,f1_score,,0.861005291005291
EnsembleTransiveSelf(FCN),HandOutlines,trainining_time,4067.212280035019,avg_cpu_usage,21.32679802955669,avg_memory_usage,,40.28955665024466,avg_gpu_usage,,96.37374258447252,accuracy,,0.8027027027027027,f1_score,,0.8028636137860072
EnsembleTransiveSelf(FCN),Strawberry,trainining_time,528.8269562721252,avg_cpu_usage,20.6276515151515,avg_memory_usage,,40.20643939393946,avg_gpu_usage,,77.61309523809524,accuracy,,0.9540540540540541,f1_score,,0.9540148657158485
EnsembleTransiveSelf(FCN),MoteStrain,trainining_time,324.5040690898895,avg_cpu_usage,18.515432098765444,avg_memory_usage,,40.20617283950607,avg_gpu_usage,,31.67207792207792,accuracy,,0.8394568690095847,f1_score,,0.8391691478561113
EnsembleTransiveSelf(FCN),GunPoint,trainining_time,280.43190598487854,avg_cpu_usage,22.163571428571423,avg_memory_usage,,40.21428571428562,avg_gpu_usage,,28.183520599250937,accuracy,,0.9733333333333334,f1_score,,0.9733333333333334
EnsembleTransiveSelf(FCN),BirdChicken,trainining_time,142.2179446220398,avg_cpu_usage,22.385915492957754,avg_memory_usage,,40.21126760563377,avg_gpu_usage,,27.53731343283582,accuracy,,1.0,f1_score,,1.0
EnsembleTransiveSelf(FCN),OSULeaf,trainining_time,430.9701175689697,avg_cpu_usage,19.045581395348844,avg_memory_usage,,40.21023255813945,avg_gpu_usage,,65.58150851581509,accuracy,,0.9297520661157025,f1_score,,0.9295823587959234
EnsembleTransiveSelf(FCN),SmallKitchenAppliances,trainining_time,803.2408554553986,avg_cpu_usage,21.41271820448879,avg_memory_usage,,40.22269326683321,avg_gpu_usage,,88.81806282722513,accuracy,,0.7946666666666666,f1_score,,0.792996410717799
EnsembleTransiveSelf(FCN),ECG5000,trainining_time,719.1531779766083,avg_cpu_usage,19.861838440111427,avg_memory_usage,,39.96852367687993,avg_gpu_usage,,75.45255474452554,accuracy,,0.9415555555555556,f1_score,,0.9328152975576494
EnsembleTransiveSelf(FCN),UWaveGestureLibraryZ,trainining_time,1464.2698695659637,avg_cpu_usage,20.353761969904244,avg_memory_usage,,39.90273597811265,avg_gpu_usage,,92.2078853046595,accuracy,,0.7213847012841987,f1_score,,0.7136130297107667
EnsembleTransiveSelf(FCN),ShapesAll,trainining_time,991.5644268989563,avg_cpu_usage,19.979191919191933,avg_memory_usage,,39.90787878787882,avg_gpu_usage,,93.17142857142858,accuracy,,0.855,f1_score,,0.8500243761139575
EnsembleTransiveSelf(FCN),Plane,trainining_time,18.02759051322937,avg_cpu_usage,22.266666666666666,avg_memory_usage,,39.96666666666667,avg_gpu_usage,,34.411764705882355,accuracy,,1.0,f1_score,,1.0
EnsembleTransiveSelf(FCN),Lightning7,trainining_time,288.4646100997925,avg_cpu_usage,19.46597222222223,avg_memory_usage,,39.990972222222204,avg_gpu_usage,,34.39636363636364,accuracy,,0.8767123287671232,f1_score,,0.8783899094819829
EnsembleTransiveSelf(FCN),DistalPhalanxTW,trainining_time,292.7057342529297,avg_cpu_usage,18.216438356164378,avg_memory_usage,,39.915068493150635,avg_gpu_usage,,38.67741935483871,accuracy,,0.6906474820143885,f1_score,,0.6238660344380388
EnsembleTransiveSelf(FCN),SyntheticControl,trainining_time,252.38443303108215,avg_cpu_usage,23.67539682539683,avg_memory_usage,,39.91031746031749,avg_gpu_usage,,33.8625,accuracy,,0.9966666666666667,f1_score,,0.9966663332999967
EnsembleTransiveSelf(FCN),Fish,trainining_time,448.7084641456604,avg_cpu_usage,25.166071428571435,avg_memory_usage,,40.33571428571428,avg_gpu_usage,,64.86619718309859,accuracy,,0.8514285714285714,f1_score,,0.8514680786221785
EnsembleTransiveSelf(FCN),ECG200,trainining_time,306.50275707244873,avg_cpu_usage,29.000653594771244,avg_memory_usage,,40.31307189542482,avg_gpu_usage,,33.013745704467354,accuracy,,0.87,f1_score,,0.8710399999999998
EnsembleTransiveSelf(FCN),InsectWingbeatSound,trainining_time,671.0662331581116,avg_cpu_usage,25.194925373134335,avg_memory_usage,,40.8002985074626,avg_gpu_usage,,73.53051643192488,accuracy,,0.5222222222222223,f1_score,,0.5175765741582253
EnsembleTransiveSelf(FCN),DistalPhalanxOutlineCorrect,trainining_time,318.4540331363678,avg_cpu_usage,28.84088050314467,avg_memory_usage,,41.228301886792465,avg_gpu_usage,,53.182119205298015,accuracy,,0.7536231884057971,f1_score,,0.7553439153439153
EnsembleTransiveSelf(FCN),Beef,trainining_time,264.4451196193695,avg_cpu_usage,26.803030303030297,avg_memory_usage,,41.40681818181816,avg_gpu_usage,,34.82470119521912,accuracy,,0.8,f1_score,,0.7966666666666666
EnsembleTransiveSelf(FCN),ToeSegmentation1,trainining_time,304.49408411979675,avg_cpu_usage,19.480921052631572,avg_memory_usage,,41.24210526315782,avg_gpu_usage,,32.27681660899654,accuracy,,0.9736842105263158,f1_score,,0.9737024473866579
EnsembleTransiveSelf(FCN),Phoneme,trainining_time,1779.5933785438538,avg_cpu_usage,25.694707207207177,avg_memory_usage,,40.83547297297296,avg_gpu_usage,,93.78419811320755,accuracy,,0.32647679324894513,f1_score,,0.303733927343639
EnsembleTransiveSelf(FCN),RefrigerationDevices,trainining_time,820.1665685176849,avg_cpu_usage,27.29462102689488,avg_memory_usage,,40.818337408313035,avg_gpu_usage,,87.99487836107555,accuracy,,0.584,f1_score,,0.5722128962180311
EnsembleTransiveSelf(FCN),FordB,trainining_time,4695.810743331909,avg_cpu_usage,20.595904436860064,avg_memory_usage,,40.650469283275626,avg_gpu_usage,,95.61282394995531,accuracy,,0.8382716049382716,f1_score,,0.83826346895063
EnsembleTransiveSelf(FCN),ArrowHead,trainining_time,259.0705723762512,avg_cpu_usage,22.906201550387596,avg_memory_usage,,40.621705426356584,avg_gpu_usage,,31.62348178137652,accuracy,,0.49142857142857144,f1_score,,0.4441492777536546
EnsembleTransiveSelf(FCN),MedicalImages,trainining_time,338.54948139190674,avg_cpu_usage,19.141420118343188,avg_memory_usage,,40.70118343195255,avg_gpu_usage,,46.32919254658385,accuracy,,0.7828947368421053,f1_score,,0.7815172844263978
EnsembleTransiveSelf(FCN),Adiac,trainining_time,352.5937376022339,avg_cpu_usage,22.836363636363647,avg_memory_usage,,40.69659090909084,avg_gpu_usage,,63.544642857142854,accuracy,,0.7544757033248082,f1_score,,0.7495238651976456
EnsembleTransiveSelf(FCN),UWaveGestureLibraryAll,trainining_time,4010.2705540657043,avg_cpu_usage,20.927422577422536,avg_memory_usage,,40.717682317681394,avg_gpu_usage,,94.21146296780947,accuracy,,0.8866554997208264,f1_score,,0.8861813097245922
EnsembleTransiveSelf(FCN),DiatomSizeReduction,trainining_time,356.5577607154846,avg_cpu_usage,18.446629213483153,avg_memory_usage,,40.783146067415785,avg_gpu_usage,,30.7396449704142,accuracy,,0.7287581699346405,f1_score,,0.7114295567202646
EnsembleTransiveSelf(FCN),WordSynonyms,trainining_time,446.69870495796204,avg_cpu_usage,20.4762331838565,avg_memory_usage,,40.759192825112144,avg_gpu_usage,,63.62028301886792,accuracy,,0.5799373040752351,f1_score,,0.5633782710918811
EnsembleTransiveSelf(FCN),Herring,trainining_time,298.47676277160645,avg_cpu_usage,22.38657718120806,avg_memory_usage,,40.72281879194624,avg_gpu_usage,,41.24028268551237,accuracy,,0.703125,f1_score,,0.6753277153558052
EnsembleTransiveSelf(FCN),SonyAIBORobotSurface1,trainining_time,300.4864180088043,avg_cpu_usage,20.61066666666667,avg_memory_usage,,40.804666666666684,avg_gpu_usage,,27.31578947368421,accuracy,,0.8053244592346089,f1_score,,0.8056565219507291
EnsembleTransiveSelf(FCN),PhalangesOutlinesCorrect,trainining_time,534.8184821605682,avg_cpu_usage,28.42322097378274,avg_memory_usage,,41.441573033707954,avg_gpu_usage,,81.23031496062993,accuracy,,0.7365967365967366,f1_score,,0.7381162332976648
EnsembleTransiveSelf(FCN),SonyAIBORobotSurface2,trainining_time,338.57210779190063,avg_cpu_usage,30.611834319526626,avg_memory_usage,,41.581656804733775,avg_gpu_usage,,31.046728971962615,accuracy,,0.9139559286463799,f1_score,,0.9135693264044774
EnsembleTransiveSelf(FCN),Ham,trainining_time,368.5474376678467,avg_cpu_usage,26.627717391304333,avg_memory_usage,,41.60271739130442,avg_gpu_usage,,51.808022922636106,accuracy,,0.7238095238095238,f1_score,,0.7231070682428662
EnsembleTransiveSelf(FCN),ProximalPhalanxOutlineCorrect,trainining_time,320.624139547348,avg_cpu_usage,27.968125000000004,avg_memory_usage,,41.64937499999999,avg_gpu_usage,,53.708196721311474,accuracy,,0.9037800687285223,f1_score,,0.9006450066722084
EnsembleTransiveSelf(FCN),ProximalPhalanxTW,trainining_time,310.8406467437744,avg_cpu_usage,27.109032258064502,avg_memory_usage,,41.63806451612903,avg_gpu_usage,,41.08783783783784,accuracy,,0.8097560975609757,f1_score,,0.7718356068849629
EnsembleTransiveSelf(FCN),TwoPatterns,trainining_time,182.62999653816223,avg_cpu_usage,19.436263736263733,avg_memory_usage,,40.40329670329671,avg_gpu_usage,,80.70689655172414,accuracy,,1.0,f1_score,,1.0
EnsembleTransiveSelf(FCN),Coffee,trainining_time,298.4590730667114,avg_cpu_usage,28.708724832214767,avg_memory_usage,,40.5402684563758,avg_gpu_usage,,30.704225352112676,accuracy,,0.9285714285714286,f1_score,,0.9285714285714286
EnsembleTransiveSelf(FCN),NonInvasiveFetalECGThorax2,trainining_time,3944.254890680313,avg_cpu_usage,23.53636363636364,avg_memory_usage,,41.47866937531655,avg_gpu_usage,,94.79526091586794,accuracy,,0.9236641221374046,f1_score,,0.9242266502710536
EnsembleTransiveSelf(FCN),InlineSkate,trainining_time,1147.8009688854218,avg_cpu_usage,20.013263525305415,avg_memory_usage,,41.43123909249593,avg_gpu_usage,,92.0786825251601,accuracy,,0.3836363636363636,f1_score,,0.38401967077435445
EnsembleTransiveSelf(FCN),Earthquakes,trainining_time,561.5502722263336,avg_cpu_usage,18.87428571428573,avg_memory_usage,,41.44535714285697,avg_gpu_usage,,80.66168224299065,accuracy,,0.8057553956834532,f1_score,,0.7858003853745376
EnsembleTransiveSelf(FCN),Car,trainining_time,266.44464778900146,avg_cpu_usage,22.29172932330829,avg_memory_usage,,41.41503759398492,avg_gpu_usage,,46.19762845849802,accuracy,,0.6666666666666666,f1_score,,0.6666056166056166
EnsembleTransiveSelf(FCN),DistalPhalanxOutlineAgeGroup,trainining_time,294.4675109386444,avg_cpu_usage,18.96598639455783,avg_memory_usage,,41.4700680272109,avg_gpu_usage,,38.535714285714285,accuracy,,0.6546762589928058,f1_score,,0.6327591362392982
EnsembleTransiveSelf(FCN),MiddlePhalanxOutlineCorrect,trainining_time,300.46594643592834,avg_cpu_usage,20.346000000000007,avg_memory_usage,,41.48533333333332,avg_gpu_usage,,50.41754385964912,accuracy,,0.6219931271477663,f1_score,,0.6232799590553483
EnsembleTransiveSelf(FCN),SwedishLeaf,trainining_time,384.61922311782837,avg_cpu_usage,22.292708333333334,avg_memory_usage,,41.455729166666615,avg_gpu_usage,,57.28142076502732,accuracy,,0.9392,f1_score,,0.9387742303883985
EnsembleTransiveSelf(FCN),NonInvasiveFetalECGThorax1,trainining_time,3969.186186313629,avg_cpu_usage,20.326148409893964,avg_memory_usage,,41.49671882887436,avg_gpu_usage,,94.98334214701217,accuracy,,0.8956743002544529,f1_score,,0.8948766865912404
EnsembleTransiveSelf(FCN),Wafer,trainining_time,1464.3159992694855,avg_cpu_usage,22.69179206566345,avg_memory_usage,,41.33844049247605,avg_gpu_usage,,67.7690100430416,accuracy,,0.9977287475665152,f1_score,,0.9977347108973562
EnsembleTransiveSelf(FCN),FaceAll,trainining_time,528.814689874649,avg_cpu_usage,29.18939393939395,avg_memory_usage,,41.56893939393943,avg_gpu_usage,,67.14940239043824,accuracy,,0.8017751479289941,f1_score,,0.7850286492735504
EnsembleTransiveSelf(FCN),Computers,trainining_time,617.0472259521484,avg_cpu_usage,28.146753246753242,avg_memory_usage,,41.80649350649336,avg_gpu_usage,,83.03747870528109,accuracy,,0.8,f1_score,,0.7999871991807477
EnsembleTransiveSelf(FCN),WormsTwoClass,trainining_time,528.8439664840698,avg_cpu_usage,29.930303030303016,avg_memory_usage,,41.623484848484864,avg_gpu_usage,,79.17296222664015,accuracy,,0.8441558441558441,f1_score,,0.8434523809523808
EnsembleTransiveSelf(FCN),Worms,trainining_time,480.7699372768402,avg_cpu_usage,20.101250000000007,avg_memory_usage,,40.108333333333505,avg_gpu_usage,,77.85557986870897,accuracy,,0.7662337662337663,f1_score,,0.7555285618858875
EnsembleTransiveSelf(FCN),ScreenType,trainining_time,817.2649598121643,avg_cpu_usage,24.193627450980387,avg_memory_usage,,40.8259803921569,avg_gpu_usage,,88.29820051413881,accuracy,,0.584,f1_score,,0.5824358030522061
EnsembleTransiveSelf(FCN),CinCECGTorso,trainining_time,1707.2250163555145,avg_cpu_usage,20.408568075117348,avg_memory_usage,,41.05281690140845,avg_gpu_usage,,90.65642286416718,accuracy,,0.8166666666666667,f1_score,,0.8157107991241138
EnsembleTransiveSelf(FCN),FordA,trainining_time,5098.0944929122925,avg_cpu_usage,25.724479371316303,avg_memory_usage,,40.52141453831061,avg_gpu_usage,,95.18932838895756,accuracy,,0.9507575757575758,f1_score,,0.9507628082023082
EnsembleTransiveSelf(FCN),UWaveGestureLibraryX,trainining_time,1482.3892295360565,avg_cpu_usage,22.27986486486485,avg_memory_usage,,40.35229729729688,avg_gpu_usage,,92.0842776203966,accuracy,,0.7738693467336684,f1_score,,0.7712777055026347
EnsembleTransiveSelf(FCN),ProximalPhalanxOutlineAgeGroup,trainining_time,324.5066788196564,avg_cpu_usage,25.165432098765432,avg_memory_usage,,39.520987654321026,avg_gpu_usage,,41.89935064935065,accuracy,,0.8585365853658536,f1_score,,0.859177700348432
EnsembleTransiveSelf(FCN),BeetleFly,trainining_time,306.55407452583313,avg_cpu_usage,26.556862745098034,avg_memory_usage,,39.874509803921555,avg_gpu_usage,,32.60481099656357,accuracy,,0.85,f1_score,,0.8465473145780052
EnsembleTransiveSelf(FCN),Meat,trainining_time,286.4192054271698,avg_cpu_usage,28.725174825174825,avg_memory_usage,,40.061538461538525,avg_gpu_usage,,46.56617647058823,accuracy,,0.95,f1_score,,0.9503960808838857
EnsembleTransiveSelf(FCN),FacesUCR,trainining_time,478.7870976924896,avg_cpu_usage,26.367782426778263,avg_memory_usage,,40.10460251046038,avg_gpu_usage,,57.68131868131868,accuracy,,0.8931707317073171,f1_score,,0.8918654172378604
EnsembleTransiveSelf(FCN),CricketZ,trainining_time,503.2924931049347,avg_cpu_usage,26.309561752988056,avg_memory_usage,,40.48725099601598,avg_gpu_usage,,77.89770354906054,accuracy,,0.823076923076923,f1_score,,0.8259131879866035
EnsembleTransiveSelf(FCN),Yoga,trainining_time,1175.821776151657,avg_cpu_usage,16.71652470187394,avg_memory_usage,,41.1192504258944,avg_gpu_usage,,90.85982142857142,accuracy,,0.8193333333333334,f1_score,,0.8192785817229722
EnsembleTransiveSelf(FCN),MiddlePhalanxTW,trainining_time,284.4394428730011,avg_cpu_usage,16.226760563380285,avg_memory_usage,,41.04436619718313,avg_gpu_usage,,37.55719557195572,accuracy,,0.5974025974025974,f1_score,,0.5544160994695972
EnsembleTransiveSelf(FCN),CricketY,trainining_time,454.7157609462738,avg_cpu_usage,16.452863436123337,avg_memory_usage,,41.03039647577092,avg_gpu_usage,,77.22632794457274,accuracy,,0.8179487179487179,f1_score,,0.8151666467076762
EnsembleTransiveSelf(FCN),ItalyPowerDemand,trainining_time,278.43783140182495,avg_cpu_usage,16.30863309352518,avg_memory_usage,,41.02014388489209,avg_gpu_usage,,26.901515151515152,accuracy,,0.9533527696793003,f1_score,,0.9533480113763094
EnsembleTransiveSelf(FCN),UWaveGestureLibraryY,trainining_time,1438.2423231601715,avg_cpu_usage,16.49888579387189,avg_memory_usage,,41.017409470752035,avg_gpu_usage,,92.08169219547776,accuracy,,0.6876046901172529,f1_score,,0.6836858342675953
EnsembleTransiveSelf(INceptionTime),MiddlePhalanxOutlineAgeGroup,trainining_time,385.1445803642273,avg_cpu_usage,16.546354166666664,avg_memory_usage,,41.41822916666655,avg_gpu_usage,,49.618528610354225,accuracy,,0.5714285714285714,f1_score,,0.5265059665346611
EnsembleTransiveSelf(INceptionTime),CricketX,trainining_time,757.1837065219879,avg_cpu_usage,16.611640211640214,avg_memory_usage,,41.33227513227485,avg_gpu_usage,,82.85555555555555,accuracy,,0.7974358974358975,f1_score,,0.7945927112958858
EnsembleTransiveSelf(INceptionTime),FiftyWords,trainining_time,781.2089493274689,avg_cpu_usage,16.572051282051284,avg_memory_usage,,41.29743589743569,avg_gpu_usage,,83.26881720430107,accuracy,,0.676923076923077,f1_score,,0.6614064939920757
EnsembleTransiveSelf(INceptionTime),FaceFour,trainining_time,294.48257088661194,avg_cpu_usage,16.339455782312925,avg_memory_usage,,41.30816326530621,avg_gpu_usage,,34.18571428571428,accuracy,,0.8409090909090909,f1_score,,0.8392862977094783
EnsembleTransiveSelf(INceptionTime),Wine,trainining_time,336.5417196750641,avg_cpu_usage,16.299999999999997,avg_memory_usage,,41.30238095238106,avg_gpu_usage,,36.50625,accuracy,,0.5740740740740741,f1_score,,0.5727554179566564
EnsembleTransiveSelf(INceptionTime),StarLightCurves,trainining_time,6529.444664716721,avg_cpu_usage,16.811291807302833,avg_memory_usage,,41.561675360541635,avg_gpu_usage,,85.2280476037311,accuracy,,0.9724380767362798,f1_score,,0.971997493427455
EnsembleTransiveSelf(INceptionTime),ChlorineConcentration,trainining_time,844.0813648700714,avg_cpu_usage,16.581710213776713,avg_memory_usage,,41.3161520190021,avg_gpu_usage,,77.76741293532338,accuracy,,0.7815104166666667,f1_score,,0.772678542028622
EnsembleTransiveSelf(INceptionTime),CBF,trainining_time,322.52303814888,avg_cpu_usage,16.365217391304352,avg_memory_usage,,41.30931677018643,avg_gpu_usage,,33.72549019607843,accuracy,,0.9911111111111112,f1_score,,0.9911198846206435
EnsembleTransiveSelf(INceptionTime),TwoLeadECG,trainining_time,418.64641761779785,avg_cpu_usage,16.38277511961723,avg_memory_usage,,41.33827751196167,avg_gpu_usage,,28.113065326633166,accuracy,,0.8472344161545216,f1_score,,0.847225937290135
EnsembleTransiveSelf(INceptionTime),ECGFiveDays,trainining_time,418.84882950782776,avg_cpu_usage,16.683253588516756,avg_memory_usage,,41.36363636363629,avg_gpu_usage,,30.44611528822055,accuracy,,0.8432055749128919,f1_score,,0.8427870646491503
EnsembleTransiveSelf(INceptionTime),ToeSegmentation2,trainining_time,304.49183559417725,avg_cpu_usage,16.246710526315788,avg_memory_usage,,41.375657894736776,avg_gpu_usage,,41.38062283737024,accuracy,,0.9384615384615385,f1_score,,0.9384615384615385
EnsembleTransiveSelf(INceptionTime),ElectricDevices,trainining_time,4736.26220202446,avg_cpu_usage,16.55799492385784,avg_memory_usage,,41.37656514382317,avg_gpu_usage,,93.61835106382979,accuracy,,0.7593048891194397,f1_score,,0.7423749035707607
EnsembleTransiveSelf(INceptionTime),Trace,trainining_time,20.05030059814453,avg_cpu_usage,16.599999999999998,avg_memory_usage,,41.419999999999995,avg_gpu_usage,,49.89473684210526,accuracy,,1.0,f1_score,,1.0
EnsembleTransiveSelf(INceptionTime),Haptics,trainining_time,621.0221779346466,avg_cpu_usage,16.423225806451608,avg_memory_usage,,41.41193548387076,avg_gpu_usage,,80.31525423728813,accuracy,,0.4772727272727273,f1_score,,0.47382231421538795
EnsembleTransiveSelf(INceptionTime),Symbols,trainining_time,486.8280816078186,avg_cpu_usage,17.72633744855968,avg_memory_usage,,41.42757201646084,avg_gpu_usage,,52.31533477321814,accuracy,,0.9045226130653267,f1_score,,0.9045040509353387
EnsembleTransiveSelf(INceptionTime),Lightning2,trainining_time,310.8568971157074,avg_cpu_usage,16.357419354838708,avg_memory_usage,,41.43999999999996,avg_gpu_usage,,48.63175675675676,accuracy,,0.819672131147541,f1_score,,0.815437425812454
EnsembleTransiveSelf(INceptionTime),LargeKitchenAppliances,trainining_time,743.1916947364807,avg_cpu_usage,16.546900269541776,avg_memory_usage,,41.46657681940691,avg_gpu_usage,,86.4992927864215,accuracy,,0.896,f1_score,,0.8958480297392432
EnsembleTransiveSelf(INceptionTime),ShapeletSim,trainining_time,14.694000959396362,avg_cpu_usage,16.52857142857143,avg_memory_usage,,41.51428571428572,avg_gpu_usage,,34.142857142857146,accuracy,,1.0,f1_score,,1.0
EnsembleTransiveSelf(INceptionTime),Mallat,trainining_time,1354.2476925849915,avg_cpu_usage,16.43047337278107,avg_memory_usage,,41.55695266272165,avg_gpu_usage,,86.76493405740884,accuracy,,0.7833688699360342,f1_score,,0.7813143428827987
EnsembleTransiveSelf(INceptionTime),OliveOil,trainining_time,288.79000425338745,avg_cpu_usage,16.299305555555552,avg_memory_usage,,41.58541666666673,avg_gpu_usage,,35.512727272727275,accuracy,,0.8666666666666667,f1_score,,0.859070707070707
EnsembleTransiveSelf(INceptionTime),HandOutlines,trainining_time,5809.63910984993,avg_cpu_usage,24.842793103448322,avg_memory_usage,,41.54441379310362,avg_gpu_usage,,95.7972850678733,accuracy,,0.8,f1_score,,0.8019565217391305
EnsembleTransiveSelf(INceptionTime),Strawberry,trainining_time,979.4639432430267,avg_cpu_usage,27.341922290388574,avg_memory_usage,,44.23026584867071,avg_gpu_usage,,79.97739504843918,accuracy,,0.9540540540540541,f1_score,,0.9538493646601753
EnsembleTransiveSelf(INceptionTime),MoteStrain,trainining_time,448.69613552093506,avg_cpu_usage,27.715625000000017,avg_memory_usage,,44.26205357142859,avg_gpu_usage,,30.842352941176472,accuracy,,0.8146964856230032,f1_score,,0.8145392270336093
EnsembleTransiveSelf(INceptionTime),GunPoint,trainining_time,412.91203260421753,avg_cpu_usage,27.733495145631057,avg_memory_usage,,44.33640776699028,avg_gpu_usage,,34.44642857142857,accuracy,,0.9666666666666667,f1_score,,0.9666681482139946
EnsembleTransiveSelf(INceptionTime),BirdChicken,trainining_time,410.9830665588379,avg_cpu_usage,29.39512195121951,avg_memory_usage,,44.579024390243916,avg_gpu_usage,,34.756410256410255,accuracy,,0.95,f1_score,,0.949874686716792
EnsembleTransiveSelf(INceptionTime),OSULeaf,trainining_time,733.044097661972,avg_cpu_usage,26.958196721311474,avg_memory_usage,,44.75874316939892,avg_gpu_usage,,71.54597701149426,accuracy,,0.8842975206611571,f1_score,,0.8787064743801687
EnsembleTransiveSelf(INceptionTime),SmallKitchenAppliances,trainining_time,805.2459948062897,avg_cpu_usage,26.93233830845771,avg_memory_usage,,44.74004975124376,avg_gpu_usage,,84.68979057591623,accuracy,,0.7733333333333333,f1_score,,0.7723047981366051
EnsembleTransiveSelf(INceptionTime),ECG5000,trainining_time,899.3805274963379,avg_cpu_usage,26.67639198218262,avg_memory_usage,,44.73674832962137,avg_gpu_usage,,74.53575615474794,accuracy,,0.9431111111111111,f1_score,,0.9316939785525602
EnsembleTransiveSelf(INceptionTime),UWaveGestureLibraryZ,trainining_time,2087.0603079795837,avg_cpu_usage,26.381765834932807,avg_memory_usage,,44.611804222648395,avg_gpu_usage,,92.0998487140696,accuracy,,0.7032384142936907,f1_score,,0.6900054337473315
EnsembleTransiveSelf(INceptionTime),ShapesAll,trainining_time,1476.238315820694,avg_cpu_usage,26.110040705563087,avg_memory_usage,,44.61397557666173,avg_gpu_usage,,93.48394004282655,accuracy,,0.7766666666666666,f1_score,,0.7710610253740217
EnsembleTransiveSelf(INceptionTime),Plane,trainining_time,318.5073359012604,avg_cpu_usage,26.479245283018862,avg_memory_usage,,44.635220125786155,avg_gpu_usage,,37.228476821192054,accuracy,,1.0,f1_score,,1.0
EnsembleTransiveSelf(INceptionTime),Lightning7,trainining_time,416.65802550315857,avg_cpu_usage,26.74663461538462,avg_memory_usage,,44.68173076923073,avg_gpu_usage,,45.19240506329114,accuracy,,0.8767123287671232,f1_score,,0.8792300462165596
EnsembleTransiveSelf(INceptionTime),DistalPhalanxTW,trainining_time,460.758588552475,avg_cpu_usage,26.685217391304352,avg_memory_usage,,44.6865217391305,avg_gpu_usage,,50.8348623853211,accuracy,,0.6618705035971223,f1_score,,0.6188263051797652
EnsembleTransiveSelf(INceptionTime),SyntheticControl,trainining_time,132.21484804153442,avg_cpu_usage,26.889393939393944,avg_memory_usage,,44.85303030303034,avg_gpu_usage,,39.384,accuracy,,1.0,f1_score,,1.0
EnsembleTransiveSelf(INceptionTime),Fish,trainining_time,709.1025605201721,avg_cpu_usage,26.471751412429406,avg_memory_usage,,44.66355932203415,avg_gpu_usage,,70.96582466567608,accuracy,,0.7828571428571428,f1_score,,0.7821458610473366
EnsembleTransiveSelf(INceptionTime),ECG200,trainining_time,406.6077091693878,avg_cpu_usage,26.621674876847294,avg_memory_usage,,44.67536945812805,avg_gpu_usage,,35.310880829015545,accuracy,,0.88,f1_score,,0.8782887700534759
EnsembleTransiveSelf(INceptionTime),InsectWingbeatSound,trainining_time,771.1922166347504,avg_cpu_usage,27.467792207792222,avg_memory_usage,,44.69064935064931,avg_gpu_usage,,72.05874316939891,accuracy,,0.5393939393939394,f1_score,,0.5379992412467528
EnsembleTransiveSelf(INceptionTime),DistalPhalanxOutlineCorrect,trainining_time,481.2329685688019,avg_cpu_usage,26.844166666666656,avg_memory_usage,,44.79333333333323,avg_gpu_usage,,62.223194748358864,accuracy,,0.7608695652173914,f1_score,,0.760220424561594
EnsembleTransiveSelf(INceptionTime),Beef,trainining_time,354.57789754867554,avg_cpu_usage,26.997175141242927,avg_memory_usage,,44.967796610169565,avg_gpu_usage,,39.476190476190474,accuracy,,0.7333333333333333,f1_score,,0.7425757575757576
EnsembleTransiveSelf(INceptionTime),ToeSegmentation1,trainining_time,428.642205953598,avg_cpu_usage,26.576168224299067,avg_memory_usage,,44.7981308411215,avg_gpu_usage,,37.518427518427515,accuracy,,0.9824561403508771,f1_score,,0.9824669532073634
EnsembleTransiveSelf(INceptionTime),Phoneme,trainining_time,1516.5648121833801,avg_cpu_usage,26.45151915455745,avg_memory_usage,,44.800132100396155,avg_gpu_usage,,90.38098542678695,accuracy,,0.34177215189873417,f1_score,,0.32312364861186277
EnsembleTransiveSelf(INceptionTime),RefrigerationDevices,trainining_time,825.6682341098785,avg_cpu_usage,26.771601941747573,avg_memory_usage,,44.828883495145625,avg_gpu_usage,,85.3061224489796,accuracy,,0.6,f1_score,,0.5882653027732686
EnsembleTransiveSelf(INceptionTime),FordB,trainining_time,8654.777711629868,avg_cpu_usage,27.222471650080944,avg_memory_usage,,44.97637121036735,avg_gpu_usage,,96.97081712062257,accuracy,,0.8407407407407408,f1_score,,0.8405110998197968
EnsembleTransiveSelf(INceptionTime),ArrowHead,trainining_time,370.53550696372986,avg_cpu_usage,27.778918918918926,avg_memory_usage,,45.0578378378378,avg_gpu_usage,,36.472934472934476,accuracy,,0.49714285714285716,f1_score,,0.4811857381671887
EnsembleTransiveSelf(INceptionTime),MedicalImages,trainining_time,516.8188734054565,avg_cpu_usage,27.608527131782946,avg_memory_usage,,45.13682170542633,avg_gpu_usage,,56.173469387755105,accuracy,,0.8,f1_score,,0.7940636197481789
EnsembleTransiveSelf(INceptionTime),Adiac,trainining_time,610.89470744133,avg_cpu_usage,27.704918032786892,avg_memory_usage,,45.112131147541014,avg_gpu_usage,,72.47758620689655,accuracy,,0.6982097186700768,f1_score,,0.6966837555568957
EnsembleTransiveSelf(INceptionTime),UWaveGestureLibraryAll,trainining_time,3617.374168395996,avg_cpu_usage,27.465005537098587,avg_memory_usage,,45.017275747508506,avg_gpu_usage,,91.9778683750728,accuracy,,0.8671133445002792,f1_score,,0.8664638084841639
EnsembleTransiveSelf(INceptionTime),DiatomSizeReduction,trainining_time,492.730592250824,avg_cpu_usage,25.168699186991873,avg_memory_usage,,43.68211382113824,avg_gpu_usage,,28.10492505353319,accuracy,,0.6764705882352942,f1_score,,0.6600477707463464
EnsembleTransiveSelf(INceptionTime),WordSynonyms,trainining_time,671.033673286438,avg_cpu_usage,27.814029850746277,avg_memory_usage,,43.68328358208975,avg_gpu_usage,,66.96383647798743,accuracy,,0.5532915360501567,f1_score,,0.5363894125923128
EnsembleTransiveSelf(INceptionTime),Herring,trainining_time,426.6184072494507,avg_cpu_usage,24.6286384976526,avg_memory_usage,,43.677934272300526,avg_gpu_usage,,45.303703703703704,accuracy,,0.71875,f1_score,,0.7016196013289037
EnsembleTransiveSelf(INceptionTime),SonyAIBORobotSurface1,trainining_time,416.5972797870636,avg_cpu_usage,28.02740384615384,avg_memory_usage,,43.75096153846155,avg_gpu_usage,,25.42025316455696,accuracy,,0.8136439267886856,f1_score,,0.8145099052101705
EnsembleTransiveSelf(INceptionTime),PhalangesOutlinesCorrect,trainining_time,969.4511680603027,avg_cpu_usage,30.367561983471088,avg_memory_usage,,44.077272727272785,avg_gpu_usage,,83.06093579978237,accuracy,,0.7261072261072261,f1_score,,0.7237294238485819
EnsembleTransiveSelf(INceptionTime),SonyAIBORobotSurface2,trainining_time,432.6933739185333,avg_cpu_usage,29.543981481481506,avg_memory_usage,,44.526388888888825,avg_gpu_usage,,27.24390243902439,accuracy,,0.9055613850996852,f1_score,,0.9052491671752939
EnsembleTransiveSelf(INceptionTime),Ham,trainining_time,524.7818219661713,avg_cpu_usage,25.475572519083972,avg_memory_usage,,44.437404580152574,avg_gpu_usage,,56.23293172690763,accuracy,,0.7428571428571429,f1_score,,0.7426238220540007
EnsembleTransiveSelf(INceptionTime),ProximalPhalanxOutlineCorrect,trainining_time,467.4819679260254,avg_cpu_usage,24.531330472103008,avg_memory_usage,,44.44120171673812,avg_gpu_usage,,59.98198198198198,accuracy,,0.8969072164948454,f1_score,,0.8959352381432976
EnsembleTransiveSelf(INceptionTime),ProximalPhalanxTW,trainining_time,442.65052938461304,avg_cpu_usage,24.395022624434414,avg_memory_usage,,44.4660633484162,avg_gpu_usage,,47.0,accuracy,,0.8195121951219512,f1_score,,0.7878684579073906
EnsembleTransiveSelf(INceptionTime),TwoPatterns,trainining_time,210.5333981513977,avg_cpu_usage,24.373333333333346,avg_memory_usage,,44.44857142857144,avg_gpu_usage,,78.985,accuracy,,1.0,f1_score,,1.0
EnsembleTransiveSelf(INceptionTime),Coffee,trainining_time,412.58994913101196,avg_cpu_usage,30.16359223300971,avg_memory_usage,,44.658252427184564,avg_gpu_usage,,30.869230769230768,accuracy,,0.9285714285714286,f1_score,,0.9285714285714286
EnsembleTransiveSelf(INceptionTime),NonInvasiveFetalECGThorax2,trainining_time,3346.993411064148,avg_cpu_usage,26.005505685218427,avg_memory_usage,,44.80957510472807,avg_gpu_usage,,92.81523449795405,accuracy,,0.9145038167938931,f1_score,,0.9150087358799487
EnsembleTransiveSelf(INceptionTime),InlineSkate,trainining_time,981.6410336494446,avg_cpu_usage,26.431836734693864,avg_memory_usage,,43.476122448979375,avg_gpu_usage,,86.0783261802575,accuracy,,0.2690909090909091,f1_score,,0.27228579179698714
EnsembleTransiveSelf(INceptionTime),Earthquakes,trainining_time,865.3742265701294,avg_cpu_usage,23.90555555555557,avg_memory_usage,,42.93101851851851,avg_gpu_usage,,82.46041412911084,accuracy,,0.7985611510791367,f1_score,,0.7892954453641389
EnsembleTransiveSelf(INceptionTime),Car,trainining_time,314.5150668621063,avg_cpu_usage,18.577707006369423,avg_memory_usage,,42.9140127388534,avg_gpu_usage,,47.81879194630873,accuracy,,0.65,f1_score,,0.6499473180076628
EnsembleTransiveSelf(INceptionTime),DistalPhalanxOutlineAgeGroup,trainining_time,410.7048590183258,avg_cpu_usage,20.327317073170722,avg_memory_usage,,42.90390243902423,avg_gpu_usage,,51.174807197943444,accuracy,,0.7266187050359713,f1_score,,0.7233819907728427
EnsembleTransiveSelf(INceptionTime),MiddlePhalanxOutlineCorrect,trainining_time,440.82587003707886,avg_cpu_usage,22.182272727272736,avg_memory_usage,,42.90636363636347,avg_gpu_usage,,63.68019093078759,accuracy,,0.6288659793814433,f1_score,,0.6304064688754231
EnsembleTransiveSelf(INceptionTime),SwedishLeaf,trainining_time,577.3592622280121,avg_cpu_usage,19.378819444444446,avg_memory_usage,,42.908333333333125,avg_gpu_usage,,67.63752276867031,accuracy,,0.9344,f1_score,,0.9341462602806229
EnsembleTransiveSelf(INceptionTime),NonInvasiveFetalECGThorax1,trainining_time,3321.385673522949,avg_cpu_usage,20.285705669481302,avg_memory_usage,,42.903679131484196,avg_gpu_usage,,93.67025657269559,accuracy,,0.8824427480916031,f1_score,,0.8825844444640913
EnsembleTransiveSelf(INceptionTime),Wafer,trainining_time,1725.4539341926575,avg_cpu_usage,21.027990708478494,avg_memory_usage,,42.90731707317141,avg_gpu_usage,,69.6890243902439,accuracy,,0.9977287475665152,f1_score,,0.9977242204314589
EnsembleTransiveSelf(INceptionTime),FaceAll,trainining_time,675.482447385788,avg_cpu_usage,20.952522255192882,avg_memory_usage,,42.91691394658733,avg_gpu_usage,,71.78816199376946,accuracy,,0.7781065088757396,f1_score,,0.759747497714802
EnsembleTransiveSelf(INceptionTime),Computers,trainining_time,596.9922358989716,avg_cpu_usage,18.832885906040257,avg_memory_usage,,42.95033557046968,avg_gpu_usage,,77.24338624338624,accuracy,,0.812,f1_score,,0.8109078034728592
EnsembleTransiveSelf(INceptionTime),WormsTwoClass,trainining_time,525.0976266860962,avg_cpu_usage,22.453816793893147,avg_memory_usage,,42.975190839694584,avg_gpu_usage,,73.07014028056112,accuracy,,0.8571428571428571,f1_score,,0.8551283019818187
EnsembleTransiveSelf(INceptionTime),Worms,trainining_time,528.8318135738373,avg_cpu_usage,18.82689393939393,avg_memory_usage,,42.93674242424226,avg_gpu_usage,,72.9820717131474,accuracy,,0.8311688311688312,f1_score,,0.8197130836969871
EnsembleTransiveSelf(INceptionTime),ScreenType,trainining_time,763.2143130302429,avg_cpu_usage,21.572178477690304,avg_memory_usage,,42.91469816272942,avg_gpu_usage,,86.32827586206896,accuracy,,0.5786666666666667,f1_score,,0.5779142206699025
EnsembleTransiveSelf(INceptionTime),CinCECGTorso,trainining_time,1344.2066764831543,avg_cpu_usage,21.01669150521612,avg_memory_usage,,43.001490312965736,avg_gpu_usage,,87.05873140172278,accuracy,,0.758695652173913,f1_score,,0.7575161733816153
EnsembleTransiveSelf(INceptionTime),FordA,trainining_time,8104.7420773506165,avg_cpu_usage,20.557686604053412,avg_memory_usage,,43.01290163124147,avg_gpu_usage,,96.74383597196989,accuracy,,0.9515151515151515,f1_score,,0.95151938464739
EnsembleTransiveSelf(INceptionTime),UWaveGestureLibraryX,trainining_time,1963.1317009925842,avg_cpu_usage,20.722653061224495,avg_memory_usage,,43.053877551020015,avg_gpu_usage,,92.90246516613077,accuracy,,0.7476270240089335,f1_score,,0.7374723738652843
EnsembleTransiveSelf(INceptionTime),ProximalPhalanxOutlineAgeGroup,trainining_time,406.6211566925049,avg_cpu_usage,19.243349753694584,avg_memory_usage,,43.06847290640401,avg_gpu_usage,,50.47532467532468,accuracy,,0.8682926829268293,f1_score,,0.8622295118161144
EnsembleTransiveSelf(INceptionTime),BeetleFly,trainining_time,350.54790902137756,avg_cpu_usage,22.737142857142853,avg_memory_usage,,43.09257142857154,avg_gpu_usage,,32.78078078078078,accuracy,,0.8,f1_score,,0.7916666666666666
EnsembleTransiveSelf(INceptionTime),Meat,trainining_time,342.9979450702667,avg_cpu_usage,20.301169590643273,avg_memory_usage,,43.09239766081884,avg_gpu_usage,,52.7760736196319,accuracy,,0.9666666666666667,f1_score,,0.9670329670329669
EnsembleTransiveSelf(INceptionTime),FacesUCR,trainining_time,489.4572467803955,avg_cpu_usage,21.423360655737717,avg_memory_usage,,43.03852459016397,avg_gpu_usage,,57.604301075268815,accuracy,,0.8780487804878049,f1_score,,0.8772989764116167
EnsembleTransiveSelf(INceptionTime),CricketZ,trainining_time,771.2389314174652,avg_cpu_usage,20.03584415584416,avg_memory_usage,,43.05662337662348,avg_gpu_usage,,82.2431693989071,accuracy,,0.823076923076923,f1_score,,0.8251930604186997
EnsembleTransiveSelf(INceptionTime),Yoga,trainining_time,1298.137897014618,avg_cpu_usage,20.617901234567906,avg_memory_usage,,43.10324074074032,avg_gpu_usage,,88.71799027552674,accuracy,,0.808,f1_score,,0.8081892823605387
EnsembleTransiveSelf(INceptionTime),MiddlePhalanxTW,trainining_time,408.7069957256317,avg_cpu_usage,20.115196078431367,avg_memory_usage,,43.44019607843137,avg_gpu_usage,,50.645994832041346,accuracy,,0.6168831168831169,f1_score,,0.5798015806172985
EnsembleTransiveSelf(INceptionTime),CricketY,trainining_time,771.3039515018463,avg_cpu_usage,20.838961038961035,avg_memory_usage,,43.50415584415584,avg_gpu_usage,,82.38881309686221,accuracy,,0.8128205128205128,f1_score,,0.8138241940057275
EnsembleTransiveSelf(INceptionTime),ItalyPowerDemand,trainining_time,365.22773575782776,avg_cpu_usage,21.859340659340656,avg_memory_usage,,43.55164835164837,avg_gpu_usage,,27.930835734870318,accuracy,,0.9494655004859086,f1_score,,0.9494455441137554
EnsembleTransiveSelf(INceptionTime),UWaveGestureLibraryY,trainining_time,1979.3611929416656,avg_cpu_usage,21.206477732793502,avg_memory_usage,,43.49999999999996,avg_gpu_usage,,93.0403825717322,accuracy,,0.6454494695700725,f1_score,,0.6387753132638658
